,movie_id,actor_id,text,url
0,ai_movie289881588684332,act404091588684333,蒂姆·罗宾斯 Tim Robbins,https://img9.doubanio.com/view/celebrity/s_ratio_celebrity/public/p17525.jpg
1,ai_movie289881588684332,act852451588684333,摩根·弗里曼 Morgan Freeman,https://img3.doubanio.com/view/celebrity/s_ratio_celebrity/public/p34642.jpg
2,ai_movie289881588684332,act984511588684333,鲍勃·冈顿 Bob Gunton,https://img1.doubanio.com/view/celebrity/s_ratio_celebrity/public/p5837.jpg
3,ai_movie289881588684332,act267471588684333,威廉姆·赛德勒 William Sadler,https://img1.doubanio.com/view/celebrity/s_ratio_celebrity/public/p7827.jpg
4,ai_movie289881588684332,act891321588684333,克兰西·布朗 Clancy Brown,https://img9.doubanio.com/view/celebrity/s_ratio_celebrity/public/p11475.jpg
5,ai_movie633931588684334,act151651588684335,张国荣 Leslie Cheung,https://img1.doubanio.com/view/celebrity/s_ratio_celebrity/public/p67.jpg
6,ai_movie633931588684334,act812121588684335,张丰毅 Fengyi Zhang,https://img9.doubanio.com/view/celebrity/s_ratio_celebrity/public/p1391771959.66.jpg
7,ai_movie633931588684334,act179031588684335,巩俐 Li Gong,https://img3.doubanio.com/view/celebrity/s_ratio_celebrity/public/p1396795530.61.jpg
8,ai_movie633931588684334,act071321588684335,葛优 You Ge,https://img9.doubanio.com/view/celebrity/s_ratio_celebrity/public/p46.jpg
9,ai_movie633931588684334,act931261588684335,英达 Da Ying,https://img9.doubanio.com/view/celebrity/s_ratio_celebrity/public/p1296.jpg
10,ai_movie373921588684336,act577351588684337,汤姆·汉克斯 Tom Hanks,https://img3.doubanio.com/view/celebrity/s_ratio_celebrity/public/p28603.jpg
11,ai_movie373921588684336,act834361588684337,罗宾·怀特 Robin Wright,https://img1.doubanio.com/view/celebrity/s_ratio_celebrity/public/p1539139684.97.jpg
12,ai_movie373921588684336,act549041588684337,加里·西尼斯 Gary Sinise,https://img9.doubanio.com/view/celebrity/s_ratio_celebrity/public/p26315.jpg
13,ai_movie373921588684336,act096061588684337,麦凯尔泰·威廉逊 Mykelti Williamson,https://img9.doubanio.com/view/celebrity/s_ratio_celebrity/public/p1576217003.45.jpg
14,ai_movie373921588684336,act879021588684337,莎莉·菲尔德 Sally Field,https://img1.doubanio.com/view/celebrity/s_ratio_celebrity/public/p50629.jpg
15,ai_movie456771588684338,act514081588684339,让·雷诺 Jean Reno,https://img3.doubanio.com/view/celebrity/s_ratio_celebrity/public/p8833.jpg
16,ai_movie456771588684338,act802291588684339,娜塔莉·波特曼 Natalie Portman,https://img9.doubanio.com/view/celebrity/s_ratio_celebrity/public/p2274.jpg
17,ai_movie456771588684338,act679441588684339,加里·奥德曼 Gary Oldman,https://img9.doubanio.com/view/celebrity/s_ratio_celebrity/public/p33896.jpg
18,ai_movie456771588684338,act323761588684339,丹尼·爱罗 Danny Aiello,https://img9.doubanio.com/view/celebrity/s_ratio_celebrity/public/p23874.jpg
19,ai_movie456771588684338,act302831588684339,彼得·阿佩尔 Peter Appel,https://img1.doubanio.com/view/celebrity/s_ratio_celebrity/public/p1497331561.57.jpg
20,ai_movie183331588684339,act968731588684340,罗伯托·贝尼尼 Roberto Benigni,https://img9.doubanio.com/view/celebrity/s_ratio_celebrity/public/p26764.jpg
21,ai_movie183331588684339,act745831588684340,尼可莱塔·布拉斯基 Nicoletta Braschi,https://img1.doubanio.com/view/celebrity/s_ratio_celebrity/public/p9548.jpg
22,ai_movie183331588684339,act259481588684340,乔治·坎塔里尼 Giorgio Cantarini,https://img3.doubanio.com/view/celebrity/s_ratio_celebrity/public/p45590.jpg
23,ai_movie183331588684339,act328921588684340,朱斯蒂诺·杜拉诺 Giustino Durano,https://img1.doubanio.com/view/celebrity/s_ratio_celebrity/public/p1547655550.27.jpg
24,ai_movie183331588684339,act845841588684340,赛尔乔·比尼·布斯特里克 Sergio Bini Bustric,https://img1.doubanio.com/view/celebrity/s_ratio_celebrity/public/p1547655477.49.jpg
25,ai_movie664741588684341,act287371588684342,莱昂纳多·迪卡普里奥 Leonardo DiCaprio,https://img9.doubanio.com/view/celebrity/s_ratio_celebrity/public/p814.jpg
26,ai_movie664741588684341,act842071588684342,凯特·温丝莱特 Kate Winslet,https://img1.doubanio.com/view/celebrity/s_ratio_celebrity/public/p53358.jpg
27,ai_movie664741588684341,act826161588684342,比利·赞恩 Billy Zane,https://img9.doubanio.com/view/celebrity/s_ratio_celebrity/public/p45186.jpg
28,ai_movie664741588684341,act228741588684342,凯西·贝茨 Kathy Bates,https://img3.doubanio.com/view/celebrity/s_ratio_celebrity/public/p5690.jpg
29,ai_movie664741588684341,act478961588684342,弗兰西丝·费舍 Frances Fisher,https://img9.doubanio.com/view/celebrity/s_ratio_celebrity/public/p6204.jpg
30,ai_movie644921588684343,act495211588684344,柊瑠美 Rumi Hiiragi,https://img3.doubanio.com/view/celebrity/s_ratio_celebrity/public/p1463193210.13.jpg
31,ai_movie644921588684343,act068551588684344,入野自由 Miyu Irino,https://img9.doubanio.com/view/celebrity/s_ratio_celebrity/public/p44986.jpg
32,ai_movie644921588684343,act389231588684344,夏木真理 Mari Natsuki,https://img3.doubanio.com/view/celebrity/s_ratio_celebrity/public/p1376151005.51.jpg
33,ai_movie644921588684343,act701921588684344,菅原文太 Bunta Sugawara,https://img9.doubanio.com/view/celebrity/s_ratio_celebrity/public/p8555.jpg
34,ai_movie644921588684343,act813661588684344,中村彰男 Akio Nakamura,https://img1.doubanio.com/view/celebrity/s_ratio_celebrity/public/p1517449056.17.jpg
35,ai_movie997861588684345,act415821588684346,连姆·尼森 Liam Neeson,https://img9.doubanio.com/view/celebrity/s_ratio_celebrity/public/p44906.jpg
36,ai_movie997861588684345,act667211588684346,本·金斯利 Ben Kingsley,https://img1.doubanio.com/view/celebrity/s_ratio_celebrity/public/p1374649659.58.jpg
37,ai_movie997861588684345,act376671588684346,拉尔夫·费因斯 Ralph Fiennes,https://img3.doubanio.com/view/celebrity/s_ratio_celebrity/public/p28941.jpg
38,ai_movie997861588684345,act555571588684346,卡罗琳·古多尔 Caroline Goodall,https://img9.doubanio.com/view/celebrity/s_ratio_celebrity/public/p28165.jpg
39,ai_movie997861588684345,act139731588684346,乔纳森·萨加尔 Jonathan Sagall,https://img1.doubanio.com/view/celebrity/s_ratio_celebrity/public/p1403144844.47.jpg
40,ai_movie754961588684347,act710941588684348,莱昂纳多·迪卡普里奥 Leonardo DiCaprio,https://img9.doubanio.com/view/celebrity/s_ratio_celebrity/public/p814.jpg
41,ai_movie754961588684347,act949751588684348,约瑟夫·高登-莱维特 Joseph Gordon-Levitt,https://img9.doubanio.com/view/celebrity/s_ratio_celebrity/public/p11006.jpg
42,ai_movie754961588684347,act179141588684348,艾伦·佩吉 Ellen Page,https://img1.doubanio.com/view/celebrity/s_ratio_celebrity/public/p118.jpg
43,ai_movie754961588684347,act541261588684348,汤姆·哈迪 Tom Hardy,https://img3.doubanio.com/view/celebrity/s_ratio_celebrity/public/p5110.jpg
44,ai_movie754961588684347,act679841588684348,渡边谦 Ken Watanabe,https://img3.doubanio.com/view/celebrity/s_ratio_celebrity/public/p34972.jpg
45,ai_movie889741588684349,act471351588684350,理查·基尔 Richard Gere,https://img3.doubanio.com/view/celebrity/s_ratio_celebrity/public/p33013.jpg
46,ai_movie889741588684349,act798231588684350,萨拉·罗默尔 Sarah Roemer,https://img3.doubanio.com/view/celebrity/s_ratio_celebrity/public/p5502.jpg
47,ai_movie889741588684349,act466351588684350,琼·艾伦 Joan Allen,https://img3.doubanio.com/view/celebrity/s_ratio_celebrity/public/p17520.jpg
48,ai_movie889741588684349,act195741588684350,罗比·萨布莱特 Robbie Sublett,https://img9.doubanio.com/view/celebrity/s_ratio_celebrity/public/p1501401598.84.jpg
49,ai_movie889741588684349,act702951588684350,艾瑞克·阿瓦利 Erick Avari,https://img3.doubanio.com/view/celebrity/s_ratio_celebrity/public/p12461.jpg
50,ai_movie068111588684351,act597241588684352,蒂姆·罗斯 Tim Roth,https://img3.doubanio.com/view/celebrity/s_ratio_celebrity/public/p6281.jpg
51,ai_movie068111588684351,act557251588684352,普路特·泰勒·文斯 Pruitt Taylor Vince,https://img9.doubanio.com/view/celebrity/s_ratio_celebrity/public/p1355152571.6.jpg
52,ai_movie068111588684351,act629211588684352,比尔·努恩 Bill Nunn,https://img3.doubanio.com/view/celebrity/s_ratio_celebrity/public/p12333.jpg
53,ai_movie068111588684351,act085441588684352,克兰伦斯·威廉姆斯三世 Clarence Williams III,https://img3.doubanio.com/view/celebrity/s_ratio_celebrity/public/p49721.jpg
54,ai_movie068111588684351,act785551588684352,梅兰尼·蒂埃里 Mélanie Thierry,https://img3.doubanio.com/view/celebrity/s_ratio_celebrity/public/p4722.jpg
55,ai_movie931761588684353,act590761588684354,金·凯瑞 Jim Carrey,https://img9.doubanio.com/view/celebrity/s_ratio_celebrity/public/p615.jpg
56,ai_movie931761588684353,act264761588684354,劳拉·琳妮 Laura Linney,https://img9.doubanio.com/view/celebrity/s_ratio_celebrity/public/p38385.jpg
57,ai_movie931761588684353,act220011588684354,艾德·哈里斯 Ed Harris,https://img9.doubanio.com/view/celebrity/s_ratio_celebrity/public/p1485163747.76.jpg
58,ai_movie931761588684353,act188841588684354,诺亚·艾默里奇 Noah Emmerich,https://img3.doubanio.com/view/celebrity/s_ratio_celebrity/public/p28983.jpg
59,ai_movie931761588684353,act838761588684354,娜塔莎·麦克艾霍恩 Natascha McElhone,https://img1.doubanio.com/view/celebrity/s_ratio_celebrity/public/p1452109418.28.jpg
60,ai_movie127241588684354,act181811588684355,阿米尔·汗 Aamir Khan,https://img1.doubanio.com/view/celebrity/s_ratio_celebrity/public/p13628.jpg
61,ai_movie127241588684354,act268261588684355,卡琳娜·卡普尔 Kareena Kapoor,https://img9.doubanio.com/view/celebrity/s_ratio_celebrity/public/p1374995627.74.jpg
62,ai_movie127241588684354,act599371588684355,马达范 R. Madhavan,https://img3.doubanio.com/view/celebrity/s_ratio_celebrity/public/p5651.jpg
63,ai_movie127241588684354,act377031588684355,沙尔曼·乔希 Sharman Joshi,https://img3.doubanio.com/view/celebrity/s_ratio_celebrity/public/p5650.jpg
64,ai_movie127241588684354,act066051588684355,奥米·瓦依达 Omi Vaidya,https://img1.doubanio.com/view/celebrity/s_ratio_celebrity/public/p1563205360.9.jpg
65,ai_movie370651588684356,act973181588684357,本·贝尔特 Ben Burtt,https://img1.doubanio.com/view/celebrity/s_ratio_celebrity/public/p13028.jpg
66,ai_movie370651588684356,act304151588684357,艾丽莎·奈特 Elissa Knight,https://img3.doubanio.com/view/celebrity/s_ratio_celebrity/public/p1519794715.93.jpg
67,ai_movie370651588684356,act658981588684357,杰夫·格尔林 Jeff Garlin,https://img1.doubanio.com/view/celebrity/s_ratio_celebrity/public/p31068.jpg
68,ai_movie370651588684356,act814151588684357,佛莱德·威拉特 Fred Willard,https://img9.doubanio.com/view/celebrity/s_ratio_celebrity/public/p5846.jpg
69,ai_movie370651588684356,act746781588684357,西格妮·韦弗 Sigourney Weaver,https://img3.doubanio.com/view/celebrity/s_ratio_celebrity/public/p513.jpg
70,ai_movie403471588684360,act077451588684360,热拉尔·朱尼奥 Gérard Jugnot,https://img3.doubanio.com/view/celebrity/s_ratio_celebrity/public/p3363.jpg
71,ai_movie403471588684360,act969651588684360,弗朗索瓦·贝莱昂 François Berléand,https://img1.doubanio.com/view/celebrity/s_ratio_celebrity/public/p9329.jpg
72,ai_movie403471588684360,act045441588684360,凯德·麦拉德 Kad Merad,https://img9.doubanio.com/view/celebrity/s_ratio_celebrity/public/p44424.jpg
73,ai_movie403471588684360,act420231588684360,让-保罗·博奈雷 Jean-Paul Bonnaire,https://img3.doubanio.com/view/celebrity/s_ratio_celebrity/public/p1402547655.12.jpg
74,ai_movie403471588684360,act475781588684360,玛丽·布奈尔 Marie Bunel,https://img3.doubanio.com/view/celebrity/s_ratio_celebrity/public/p1505360580.72.jpg
75,ai_movie735411588684362,act261271588684363,马修·麦康纳 Matthew McConaughey,https://img9.doubanio.com/view/celebrity/s_ratio_celebrity/public/p1392653727.04.jpg
76,ai_movie735411588684362,act275931588684363,安妮·海瑟薇 Anne Hathaway,https://img9.doubanio.com/view/celebrity/s_ratio_celebrity/public/p49634.jpg
77,ai_movie735411588684362,act302471588684363,杰西卡·查斯坦 Jessica Chastain,https://img9.doubanio.com/view/celebrity/s_ratio_celebrity/public/p54076.jpg
78,ai_movie735411588684362,act869651588684363,卡西·阿弗莱克 Casey Affleck,https://img1.doubanio.com/view/celebrity/s_ratio_celebrity/public/p2199.jpg
79,ai_movie735411588684362,act609921588684363,迈克尔·凯恩 Michael Caine,https://img3.doubanio.com/view/celebrity/s_ratio_celebrity/public/p56212.jpg
80,ai_movie044671588684364,act873231588684365,周星驰 Stephen Chow,https://img3.doubanio.com/view/celebrity/s_ratio_celebrity/public/p47421.jpg
81,ai_movie044671588684364,act536481588684365,吴孟达 Man Tat Ng,https://img3.doubanio.com/view/celebrity/s_ratio_celebrity/public/p45481.jpg
82,ai_movie044671588684364,act991231588684365,朱茵 Athena Chu,https://img1.doubanio.com/view/celebrity/s_ratio_celebrity/public/p49237.jpg
83,ai_movie044671588684364,act659041588684365,蔡少芬 Ada Choi,https://img9.doubanio.com/view/celebrity/s_ratio_celebrity/public/p6774.jpg
84,ai_movie044671588684364,act627871588684365,蓝洁瑛 Kit Ying Lam,https://img1.doubanio.com/view/celebrity/s_ratio_celebrity/public/p27437.jpg
85,ai_movie799081588684365,act773141588684366,孔侑 Yoo Gong,https://img3.doubanio.com/view/celebrity/s_ratio_celebrity/public/p1397060788.93.jpg
86,ai_movie799081588684365,act445341588684366,郑有美 Yu-mi Jung,https://img1.doubanio.com/view/celebrity/s_ratio_celebrity/public/p1409765749.47.jpg
87,ai_movie799081588684365,act545281588684366,金贤秀 Hyun-su Kim,https://img3.doubanio.com/view/celebrity/s_ratio_celebrity/public/p1414753090.33.jpg
88,ai_movie799081588684365,act933771588684366,郑仁絮 In-seo Jeong,https://img3.doubanio.com/view/celebrity/s_ratio_celebrity/public/p46752.jpg
89,ai_movie799081588684365,act305751588684366,白承焕 Seung-Hwan Baek ,https://img1.doubanio.com/view/celebrity/s_ratio_celebrity/public/p39268.jpg
90,ai_movie941721588684367,act263241588684368,瑞奇·摩尔 Rich Moore,https://img1.doubanio.com/view/celebrity/s_ratio_celebrity/public/p1457505501.8.jpg
91,ai_movie941721588684367,act467271588684368,金妮弗·古德温 Ginnifer Goodwin,https://img9.doubanio.com/view/celebrity/s_ratio_celebrity/public/p4815.jpg
92,ai_movie941721588684367,act949931588684368,杰森·贝特曼 Jason Bateman,https://img3.doubanio.com/view/celebrity/s_ratio_celebrity/public/p18772.jpg
93,ai_movie941721588684367,act884741588684368,伊德里斯·艾尔巴 Idris Elba,https://img9.doubanio.com/view/celebrity/s_ratio_celebrity/public/p1410696282.74.jpg
94,ai_movie941721588684367,act626881588684368,珍妮·斯蕾特 Jenny Slate,https://img9.doubanio.com/view/celebrity/s_ratio_celebrity/public/p52166.jpg
95,ai_movie948061588684369,act146341588684370,麦兆辉 Alan Mak,https://img1.doubanio.com/view/celebrity/s_ratio_celebrity/public/p3547.jpg
96,ai_movie948061588684369,act041671588684370,刘德华 Andy Lau,https://img3.doubanio.com/view/celebrity/s_ratio_celebrity/public/p1378956633.91.jpg
97,ai_movie948061588684369,act339771588684370,梁朝伟 Tony Leung Chiu Wai,https://img9.doubanio.com/view/celebrity/s_ratio_celebrity/public/p33525.jpg
98,ai_movie948061588684369,act762881588684370,黄秋生 Anthony Wong Chau-Sang,https://img3.doubanio.com/view/celebrity/s_ratio_celebrity/public/p24841.jpg
99,ai_movie948061588684369,act054821588684370,曾志伟 Eric Tsang,https://img3.doubanio.com/view/celebrity/s_ratio_celebrity/public/p1161.jpg
100,ai_movie839491588684371,act675321588684372,日高法子 Noriko Hidaka,https://img3.doubanio.com/view/celebrity/s_ratio_celebrity/public/p1455201170.02.jpg
101,ai_movie839491588684371,act016511588684372,坂本千夏 Chika Sakamoto,https://img1.doubanio.com/view/celebrity/s_ratio_celebrity/public/p29537.jpg
102,ai_movie839491588684371,act731971588684372,糸井重里 Shigesato Itoi,https://img3.doubanio.com/view/celebrity/s_ratio_celebrity/public/p1503457262.72.jpg
103,ai_movie839491588684371,act292181588684372,岛本须美 Sumi Shimamoto,https://img3.doubanio.com/view/celebrity/s_ratio_celebrity/public/p1356199849.63.jpg
104,ai_movie839491588684371,act931921588684372,北林谷荣 Tanie Kitabayashi,https://img3.doubanio.com/view/celebrity/s_ratio_celebrity/public/p26223.jpg
105,ai_movie377231588684373,act576871588684374,马龙·白兰度 Marlon Brando,https://img9.doubanio.com/view/celebrity/s_ratio_celebrity/public/p45035.jpg
106,ai_movie377231588684373,act435881588684374,阿尔·帕西诺 Al Pacino,https://img9.doubanio.com/view/celebrity/s_ratio_celebrity/public/p9694.jpg
107,ai_movie377231588684373,act138051588684374,詹姆斯·肯恩 James Caan,https://img9.doubanio.com/view/celebrity/s_ratio_celebrity/public/p53524.jpg
108,ai_movie377231588684373,act967061588684374,理查德·卡斯特尔诺 Richard S. Castellano,https://img1.doubanio.com/view/celebrity/s_ratio_celebrity/public/p1401874623.19.jpg
109,ai_movie377231588684373,act937951588684374,罗伯特·杜瓦尔 Robert Duvall,https://img9.doubanio.com/view/celebrity/s_ratio_celebrity/public/p8576.jpg
110,ai_movie387861588684375,act366111588684376,威尔·史密斯 Will Smith,https://img3.doubanio.com/view/celebrity/s_ratio_celebrity/public/p41483.jpg
111,ai_movie387861588684375,act879121588684376,贾登·史密斯 Jaden Smith,https://img3.doubanio.com/view/celebrity/s_ratio_celebrity/public/p1519305434.22.jpg
112,ai_movie387861588684375,act270931588684376,坦迪·牛顿 Thandie Newton,https://img1.doubanio.com/view/celebrity/s_ratio_celebrity/public/p1378018910.89.jpg
113,ai_movie387861588684375,act226371588684376,布莱恩·豪威  Brian Howe,https://img1.doubanio.com/view/celebrity/s_ratio_celebrity/public/p38587.jpg
114,ai_movie387861588684375,act725461588684376,詹姆斯·凯伦 James Karen,https://img3.doubanio.com/view/celebrity/s_ratio_celebrity/public/p1586501562.42.jpg
115,ai_movie098381588684377,act889341588684378,玛德琳·卡罗尔 Madeline Carroll,https://img3.doubanio.com/view/celebrity/s_ratio_celebrity/public/p16442.jpg
116,ai_movie098381588684377,act906261588684378,卡兰·麦克奥利菲 Callan McAuliffe,https://img1.doubanio.com/view/celebrity/s_ratio_celebrity/public/p22277.jpg
117,ai_movie098381588684377,act008851588684378,瑞贝卡·德·莫妮 Rebecca De Mornay,https://img9.doubanio.com/view/celebrity/s_ratio_celebrity/public/p12355.jpg
118,ai_movie098381588684377,act330551588684378,安东尼·爱德华兹 Anthony Edwards,https://img3.doubanio.com/view/celebrity/s_ratio_celebrity/public/p13500.jpg
119,ai_movie098381588684377,act391451588684378,约翰·马奥尼 John Mahoney,https://img9.doubanio.com/view/celebrity/s_ratio_celebrity/public/p13746.jpg
120,ai_movie955671588684379,act068661588684380,埃里克·托莱达诺 Eric Toledano,https://img3.doubanio.com/view/celebrity/s_ratio_celebrity/public/p50463.jpg
121,ai_movie955671588684379,act501361588684380,弗朗索瓦·克鲁塞 François Cluzet,https://img9.doubanio.com/view/celebrity/s_ratio_celebrity/public/p1375092314.14.jpg
122,ai_movie955671588684379,act036871588684380,奥玛·希 Omar Sy,https://img3.doubanio.com/view/celebrity/s_ratio_celebrity/public/p41401.jpg
123,ai_movie955671588684379,act439091588684380,安娜·勒尼 Anne Le Ny,https://img1.doubanio.com/view/celebrity/s_ratio_celebrity/public/p42048.jpg
124,ai_movie955671588684379,act493871588684380,奥德雷·弗勒罗 Audrey Fleurot,https://img3.doubanio.com/view/celebrity/s_ratio_celebrity/public/p51591.jpg
125,ai_movie984441588684382,act485531588684383,克里斯蒂安·贝尔 Christian Bale,https://img1.doubanio.com/view/celebrity/s_ratio_celebrity/public/p88.jpg
126,ai_movie984441588684382,act959051588684383,希斯·莱杰 Heath Ledger,https://img3.doubanio.com/view/celebrity/s_ratio_celebrity/public/p13801.jpg
127,ai_movie984441588684382,act363951588684383,艾伦·艾克哈特 Aaron Eckhart,https://img3.doubanio.com/view/celebrity/s_ratio_celebrity/public/p522.jpg
128,ai_movie984441588684382,act883431588684383,迈克尔·凯恩 Michael Caine,https://img3.doubanio.com/view/celebrity/s_ratio_celebrity/public/p56212.jpg
129,ai_movie984441588684382,act648251588684383,玛吉·吉伦哈尔 Maggie Gyllenhaal,https://img3.doubanio.com/view/celebrity/s_ratio_celebrity/public/p13803.jpg
130,ai_movie584021588684384,act053241588684385,泰隆·鲍华 Tyrone Power,https://img9.doubanio.com/view/celebrity/s_ratio_celebrity/public/p1425263540.96.jpg
131,ai_movie584021588684384,act145671588684385,玛琳·黛德丽 Marlene Dietrich,https://img9.doubanio.com/view/celebrity/s_ratio_celebrity/public/p1134.jpg
132,ai_movie584021588684384,act146731588684385,查尔斯·劳顿 Charles Laughton,https://img9.doubanio.com/view/celebrity/s_ratio_celebrity/public/p1456671389.86.jpg
133,ai_movie584021588684384,act988831588684385,爱尔莎·兰切斯特 Elsa Lanchester,https://img9.doubanio.com/view/celebrity/s_ratio_celebrity/public/p1485173549.5.jpg
134,ai_movie584021588684384,act584661588684385,约翰·威廉姆斯 John Williams,https://img1.doubanio.com/view/celebrity/s_ratio_celebrity/public/p1492155069.9.jpg
135,ai_movie924741588684386,act416461588684387,葛优 You Ge,https://img9.doubanio.com/view/celebrity/s_ratio_celebrity/public/p46.jpg
136,ai_movie924741588684386,act644221588684387,巩俐 Li Gong,https://img3.doubanio.com/view/celebrity/s_ratio_celebrity/public/p1396795530.61.jpg
137,ai_movie924741588684386,act801141588684387,姜武 Wu Jiang,https://img9.doubanio.com/view/celebrity/s_ratio_celebrity/public/p46204.jpg
138,ai_movie924741588684386,act678211588684387,牛犇 Ben Niu,https://img3.doubanio.com/view/celebrity/s_ratio_celebrity/public/p1574684557.23.jpg
139,ai_movie924741588684386,act278711588684387,郭涛 Tao Guo,https://img1.doubanio.com/view/celebrity/s_ratio_celebrity/public/p1505398270.58.jpg
140,ai_movie075681588684388,act929511588684389,乔治·库克 George Cukor,https://img1.doubanio.com/view/celebrity/s_ratio_celebrity/public/p19067.jpg
141,ai_movie075681588684388,act510491588684389,费雯·丽 Vivien Leigh,https://img3.doubanio.com/view/celebrity/s_ratio_celebrity/public/p3151.jpg
142,ai_movie075681588684388,act236651588684389,克拉克·盖博 Clark Gable,https://img1.doubanio.com/view/celebrity/s_ratio_celebrity/public/p5289.jpg
143,ai_movie075681588684388,act809711588684389,奥利维娅·德哈维兰 Olivia de Havilland,https://img1.doubanio.com/view/celebrity/s_ratio_celebrity/public/p4239.jpg
144,ai_movie075681588684388,act275571588684389,托马斯·米切尔 Thomas Mitchell,https://img3.doubanio.com/view/celebrity/s_ratio_celebrity/public/p5001.jpg
145,ai_movie634711588684390,act032531588684391,阿德里安·莫利纳 Adrian Molina,https://img3.doubanio.com/view/celebrity/s_ratio_celebrity/public/p1497195148.21.jpg
146,ai_movie634711588684390,act011421588684391,安东尼·冈萨雷斯 Anthony Gonzalez,https://img1.doubanio.com/view/celebrity/s_ratio_celebrity/public/p1489594517.9.jpg
147,ai_movie634711588684390,act161741588684391,盖尔·加西亚·贝纳尔 Gael García Bernal,https://img1.doubanio.com/view/celebrity/s_ratio_celebrity/public/p1510634028.69.jpg
148,ai_movie634711588684390,act134811588684391,本杰明·布拉特 Benjamin Bratt,https://img9.doubanio.com/view/celebrity/s_ratio_celebrity/public/p12695.jpg
149,ai_movie634711588684390,act129511588684391,阿兰娜·乌巴赫 Alanna Ubach,https://img9.doubanio.com/view/celebrity/s_ratio_celebrity/public/p1356236309.26.jpg
150,ai_movie937171588684392,act745581588684393,尊龙 John Lone,https://img1.doubanio.com/view/celebrity/s_ratio_celebrity/public/p35177.jpg
151,ai_movie937171588684392,act504111588684393,陈冲 Joan Chen,https://img9.doubanio.com/view/celebrity/s_ratio_celebrity/public/p5526.jpg
152,ai_movie937171588684392,act606751588684393,邬君梅 Vivian Wu,https://img1.doubanio.com/view/celebrity/s_ratio_celebrity/public/p31577.jpg
153,ai_movie937171588684392,act686751588684393,彼得·奥图尔 Peter O'Toole,https://img9.doubanio.com/view/celebrity/s_ratio_celebrity/public/p1405.jpg
154,ai_movie937171588684392,act447231588684393,英若诚 Ruocheng Ying,https://img3.doubanio.com/view/celebrity/s_ratio_celebrity/public/p16411.jpg
155,ai_movie284031588684394,act333021588684395,阿米尔·汗 Aamir Khan,https://img1.doubanio.com/view/celebrity/s_ratio_celebrity/public/p13628.jpg
156,ai_movie284031588684394,act170571588684395,法缇玛·萨那·纱卡 Fatima Sana Shaikh,https://img1.doubanio.com/view/celebrity/s_ratio_celebrity/public/p1493121366.9.jpg
157,ai_movie284031588684394,act783571588684395,桑亚·玛荷塔 Sanya Malhotra,https://img3.doubanio.com/view/celebrity/s_ratio_celebrity/public/p1493121856.81.jpg
158,ai_movie284031588684394,act400031588684395,阿帕尔夏克提·库拉那 Aparshakti Khurana,https://img3.doubanio.com/view/celebrity/s_ratio_celebrity/public/p1494802851.63.jpg
159,ai_movie284031588684394,act239331588684395,沙克希·坦沃 Sakshi Tanwar,https://img3.doubanio.com/view/celebrity/s_ratio_celebrity/public/p1484120012.1.jpg
160,ai_movie186771588684398,act927471588684399,伊利亚·伍德 Elijah Wood,https://img1.doubanio.com/view/celebrity/s_ratio_celebrity/public/p51597.jpg
161,ai_movie186771588684398,act751521588684399,西恩·奥斯汀 Sean Astin,https://img1.doubanio.com/view/celebrity/s_ratio_celebrity/public/p11727.jpg
162,ai_movie186771588684398,act385931588684399,维果·莫腾森 Viggo Mortensen,https://img3.doubanio.com/view/celebrity/s_ratio_celebrity/public/p29922.jpg
163,ai_movie186771588684398,act648081588684399,奥兰多·布鲁姆 Orlando Bloom,https://img3.doubanio.com/view/celebrity/s_ratio_celebrity/public/p32582.jpg
164,ai_movie186771588684398,act672241588684399,伊恩·麦克莱恩 Ian McKellen,https://img1.doubanio.com/view/celebrity/s_ratio_celebrity/public/p1453792417.87.jpg
165,ai_movie323171588684400,act658671588684400,赞恩·阿尔·拉菲亚 Zain al-Rafeea,https://img1.doubanio.com/view/celebrity/s_ratio_celebrity/public/pa96FEdlJe08cel_avatar_uploaded1526709219.38.jpg
166,ai_movie323171588684400,act845851588684400,约丹诺斯·希费罗 Yordanos Shiferaw,https://img3.doubanio.com/view/celebrity/s_ratio_celebrity/public/p1551513231.02.jpg
167,ai_movie323171588684400,act872731588684400,博鲁瓦蒂夫·特雷杰·班科尔 Boluwatife Treasure Bankole,https://img1.doubanio.com/view/celebrity/s_ratio_celebrity/public/p1549962696.77.jpg
168,ai_movie323171588684400,act922261588684400,卡萨尔·艾尔·哈达德 Kawsar Al Haddad,https://img9.doubanio.com/view/celebrity/s_ratio_celebrity/public/p1559398714.94.jpg
169,ai_movie323171588684400,act018031588684400,法迪·尤瑟夫 Fadi Yousef,https://img3.doubanio.com/view/celebrity/s_ratio_celebrity/public/p1559399038.33.jpg
170,ai_movie058361588684401,act255461588684402,苏拉·沙玛 Suraj Sharma,https://img3.doubanio.com/view/celebrity/s_ratio_celebrity/public/p1354193464.0.jpg
171,ai_movie058361588684401,act470741588684402,伊尔凡·可汗 Irrfan Khan,https://img1.doubanio.com/view/celebrity/s_ratio_celebrity/public/p1588156972.8.jpg
172,ai_movie058361588684401,act715421588684402,拉菲·斯波 Rafe Spall,https://img9.doubanio.com/view/celebrity/s_ratio_celebrity/public/p1528099178.04.jpg
173,ai_movie058361588684401,act571551588684402,阿迪勒·侯赛因 Adil Hussain,https://img9.doubanio.com/view/celebrity/s_ratio_celebrity/public/p52686.jpg
174,ai_movie058361588684401,act324151588684402,塔布 Tabu,https://img1.doubanio.com/view/celebrity/s_ratio_celebrity/public/p1556895756.37.jpg
175,ai_movie639771588684404,act348321588684404,鲍勃·彼德森 Bob Peterson,https://img9.doubanio.com/view/celebrity/s_ratio_celebrity/public/p1375330728.5.jpg
176,ai_movie639771588684404,act779951588684404,爱德华·阿斯纳 Edward Asner,https://img3.doubanio.com/view/celebrity/s_ratio_celebrity/public/p6202.jpg
177,ai_movie639771588684404,act957081588684404,克里斯托弗·普卢默 Christopher Plummer,https://img3.doubanio.com/view/celebrity/s_ratio_celebrity/public/p42033.jpg
178,ai_movie639771588684404,act489021588684404,乔丹·长井 Jordan Nagai,https://img3.doubanio.com/view/celebrity/s_ratio_celebrity/public/p58161.jpg
179,ai_movie639771588684404,act134311588684404,鲍勃·彼德森 Bob Peterson,https://img9.doubanio.com/view/celebrity/s_ratio_celebrity/public/p1375330728.5.jpg
180,ai_movie035841588684406,act078321588684407,亨利·方达 Henry Fonda,https://img1.doubanio.com/view/celebrity/s_ratio_celebrity/public/p1537.jpg
181,ai_movie035841588684406,act406151588684407,马丁·鲍尔萨姆 Martin Balsam,https://img9.doubanio.com/view/celebrity/s_ratio_celebrity/public/p1427201867.36.jpg
182,ai_movie035841588684406,act026531588684407,约翰·菲德勒 John Fiedler,https://img1.doubanio.com/view/celebrity/s_ratio_celebrity/public/p40857.jpg
183,ai_movie035841588684406,act255781588684407,李·科布 Lee J. Cobb,https://img9.doubanio.com/view/celebrity/s_ratio_celebrity/public/p1407159251.66.jpg
184,ai_movie035841588684406,act383151588684407,E.G.马绍尔 E.G. Marshall,https://img1.doubanio.com/view/celebrity/s_ratio_celebrity/public/p54468.jpg
185,ai_movie720531588684408,act531611588684408,姜文 Wen Jiang,https://img9.doubanio.com/view/celebrity/s_ratio_celebrity/public/p1517818343.94.jpg
186,ai_movie720531588684408,act947851588684408,香川照之 Teruyuki Kagawa,https://img9.doubanio.com/view/celebrity/s_ratio_celebrity/public/p1379678916.04.jpg
187,ai_movie720531588684408,act421131588684408,袁丁 Ding Yuan,https://img9.doubanio.com/view/celebrity/s_ratio_celebrity/public/p1499449986.84.jpg
188,ai_movie720531588684408,act044261588684408,姜宏波 Hongbo Jiang,https://img3.doubanio.com/view/celebrity/s_ratio_celebrity/public/p25040.jpg
189,ai_movie720531588684408,act696121588684408,丛志军 Zhijun Cong,https://img1.doubanio.com/view/celebrity/s_ratio_celebrity/public/p38637.jpg
190,ai_movie044421588684409,act486421588684410,田中真弓 Mayumi Tanaka,https://img1.doubanio.com/view/celebrity/s_ratio_celebrity/public/p4978.jpg
191,ai_movie044421588684409,act169321588684410,横泽启子 Keiko Yokozawa,https://img9.doubanio.com/view/celebrity/s_ratio_celebrity/public/p1496312006.95.jpg
192,ai_movie044421588684409,act987651588684410,初井言荣 Kotoe Hatsui,https://img1.doubanio.com/view/celebrity/s_ratio_celebrity/public/p1376305807.47.jpg
193,ai_movie044421588684409,act846721588684410,寺田农 Minori Terada,https://img1.doubanio.com/view/celebrity/s_ratio_celebrity/public/p38469.jpg
194,ai_movie044421588684409,act407911588684410,常田富士男 Fujio Tokita,https://img1.doubanio.com/view/celebrity/s_ratio_celebrity/public/p1496312063.48.jpg
195,ai_movie341761588684411,act921311588684412,周星驰 Stephen Chow,https://img3.doubanio.com/view/celebrity/s_ratio_celebrity/public/p47421.jpg
196,ai_movie341761588684411,act668141588684412,吴孟达 Man Tat Ng,https://img3.doubanio.com/view/celebrity/s_ratio_celebrity/public/p45481.jpg
197,ai_movie341761588684411,act807561588684412,罗家英 Kar-Ying Law,https://img3.doubanio.com/view/celebrity/s_ratio_celebrity/public/p1566882903.33.jpg
198,ai_movie341761588684411,act511231588684412,蓝洁瑛 Kit Ying Lam,https://img1.doubanio.com/view/celebrity/s_ratio_celebrity/public/p27437.jpg
199,ai_movie341761588684411,act857361588684412,莫文蔚 Karen Mok,https://img3.doubanio.com/view/celebrity/s_ratio_celebrity/public/p27003.jpg
200,ai_movie813251588684413,act775171588684414,倍赏千惠子 Chieko Baishô,https://img3.doubanio.com/view/celebrity/s_ratio_celebrity/public/p42411.jpg
201,ai_movie813251588684413,act475721588684414,木村拓哉 Takuya Kimura,https://img9.doubanio.com/view/celebrity/s_ratio_celebrity/public/p1365448692.55.jpg
202,ai_movie813251588684413,act195451588684414,美轮明宏 Akihiro Miwa,https://img3.doubanio.com/view/celebrity/s_ratio_celebrity/public/p4422.jpg
203,ai_movie813251588684413,act305011588684414,我修院达也 Tatsuya Gashûin,https://img1.doubanio.com/view/celebrity/s_ratio_celebrity/public/p1517538263.08.jpg
204,ai_movie813251588684413,act971791588684414,神木隆之介 Ryûnosuke Kamiki,https://img3.doubanio.com/view/celebrity/s_ratio_celebrity/public/p1406902310.0.jpg
205,ai_movie260771588684415,act305031588684415,薛景求 Kyung-gu Sol,https://img3.doubanio.com/view/celebrity/s_ratio_celebrity/public/p1403416347.83.jpg
206,ai_movie260771588684415,act403151588684415,严志媛 Ji-won Uhm,https://img3.doubanio.com/view/celebrity/s_ratio_celebrity/public/p14020.jpg
207,ai_movie260771588684415,act094021588684415,李来 Re Lee,https://img9.doubanio.com/view/celebrity/s_ratio_celebrity/public/p1385020551.6.jpg
208,ai_movie260771588684415,act514941588684415,金海淑 Hae-suk Kim,https://img1.doubanio.com/view/celebrity/s_ratio_celebrity/public/p5337.jpg
209,ai_movie260771588684415,act775471588684415,金相浩 Sang-ho Kim,https://img1.doubanio.com/view/celebrity/s_ratio_celebrity/public/p27658.jpg
210,ai_movie633631588684416,act171021588684417,安东内拉·阿蒂利 Antonella Attili,https://img3.doubanio.com/view/celebrity/s_ratio_celebrity/public/p43502.jpg
211,ai_movie633631588684416,act101671588684417,恩佐·卡拉瓦勒 Enzo Cannavale,https://img9.doubanio.com/view/celebrity/s_ratio_celebrity/public/p44286.jpg
212,ai_movie633631588684416,act164611588684417,艾萨·丹尼埃利 Isa Danieli,https://img3.doubanio.com/view/celebrity/s_ratio_celebrity/public/p1371022856.11.jpg
213,ai_movie633631588684416,act390541588684417,里奥·故罗塔 Leo Gullotta,https://img1.doubanio.com/view/celebrity/s_ratio_celebrity/public/p59278.jpg
214,ai_movie633631588684416,act812851588684417,马克·莱昂纳蒂 Marco Leonardi,https://img9.doubanio.com/view/celebrity/s_ratio_celebrity/public/p10115.jpg
215,ai_movie084811588684418,act274771588684419,奥黛丽·赫本 Audrey Hepburn,https://img1.doubanio.com/view/celebrity/s_ratio_celebrity/public/p4157.jpg
216,ai_movie084811588684418,act667191588684419,格利高里·派克 Gregory Peck,https://img1.doubanio.com/view/celebrity/s_ratio_celebrity/public/p338.jpg
217,ai_movie084811588684418,act586291588684419,埃迪·艾伯特 Eddie Albert,https://img1.doubanio.com/view/celebrity/s_ratio_celebrity/public/p12729.jpg
218,ai_movie084811588684418,act276451588684419,哈特利·鲍尔 Hartley Power,https://img3.doubanio.com/view/celebrity/s_ratio_celebrity/public/p1505290466.41.jpg
219,ai_movie084811588684418,act725851588684419,哈考特·威廉姆斯 Harcourt Williams,https://img3.doubanio.com/view/celebrity/s_ratio_celebrity/public/p1578671905.21.jpg
220,ai_movie438841588684420,act194281588684421,阿尔·帕西诺 Al Pacino,https://img9.doubanio.com/view/celebrity/s_ratio_celebrity/public/p9694.jpg
221,ai_movie438841588684420,act886531588684421,克里斯·奥唐纳 Chris O'Donnell,https://img9.doubanio.com/view/celebrity/s_ratio_celebrity/public/p20086.jpg
222,ai_movie438841588684420,act522951588684421,詹姆斯·瑞布霍恩 James Rebhorn,https://img9.doubanio.com/view/celebrity/s_ratio_celebrity/public/p1550134032.44.jpg
223,ai_movie438841588684420,act867051588684421,加布里埃尔·安瓦尔 Gabrielle Anwar,https://img1.doubanio.com/view/celebrity/s_ratio_celebrity/public/p38998.jpg
224,ai_movie438841588684420,act900181588684421,菲利普·塞默·霍夫曼 Philip Seymour Hoffman,https://img9.doubanio.com/view/celebrity/s_ratio_celebrity/public/p1374340810.26.jpg
225,ai_movie486951588684422,act499711588684422,宋康昊 Kang-ho Song,https://img9.doubanio.com/view/celebrity/s_ratio_celebrity/public/p345.jpg
226,ai_movie486951588684422,act848221588684422,金英爱 Yeong-ae Kim,https://img1.doubanio.com/view/celebrity/s_ratio_celebrity/public/p26917.jpg
227,ai_movie486951588684422,act443241588684422,吴达洙 Dal-su Oh,https://img3.doubanio.com/view/celebrity/s_ratio_celebrity/public/p4183.jpg
228,ai_movie486951588684422,act047871588684422,郭度沅 Do-Won Kwak,https://img1.doubanio.com/view/celebrity/s_ratio_celebrity/public/p1522939342.47.jpg
229,ai_movie486951588684422,act807051588684422,任时完 Si-wan Yim,https://img1.doubanio.com/view/celebrity/s_ratio_celebrity/public/p1396799400.79.jpg
230,ai_movie007241588684423,act034421588684424,丹尼尔·雷德克里夫 Daniel Radcliffe,https://img3.doubanio.com/view/celebrity/s_ratio_celebrity/public/p30800.jpg
231,ai_movie007241588684423,act427421588684424,艾玛·沃森 Emma Watson,https://img3.doubanio.com/view/celebrity/s_ratio_celebrity/public/p1512020567.12.jpg
232,ai_movie007241588684423,act445321588684424,鲁伯特·格林特 Rupert Grint,https://img1.doubanio.com/view/celebrity/s_ratio_celebrity/public/p28918.jpg
233,ai_movie007241588684423,act870111588684424,艾伦·瑞克曼 Alan Rickman,https://img9.doubanio.com/view/celebrity/s_ratio_celebrity/public/p10644.jpg
234,ai_movie007241588684423,act232911588684424,玛吉·史密斯 Maggie Smith,https://img1.doubanio.com/view/celebrity/s_ratio_celebrity/public/p4208.jpg
235,ai_movie647761588684425,act013841588684426,爱德华·诺顿 Edward Norton,https://img9.doubanio.com/view/celebrity/s_ratio_celebrity/public/p385.jpg
236,ai_movie647761588684425,act414051588684426,布拉德·皮特 Brad Pitt,https://img3.doubanio.com/view/celebrity/s_ratio_celebrity/public/p39053.jpg
237,ai_movie647761588684425,act200061588684426,海伦娜·伯翰·卡特 Helena Bonham Carter,https://img1.doubanio.com/view/celebrity/s_ratio_celebrity/public/p19519.jpg
238,ai_movie647761588684425,act286041588684426,扎克·格雷尼尔 Zach Grenier,https://img3.doubanio.com/view/celebrity/s_ratio_celebrity/public/p40090.jpg
239,ai_movie647761588684425,act464131588684426,米特·洛夫 Meat Loaf,https://img1.doubanio.com/view/celebrity/s_ratio_celebrity/public/p17807.jpg
240,ai_movie496551588684427,act058171588684428,徐峥 Zheng Xu,https://img1.doubanio.com/view/celebrity/s_ratio_celebrity/public/p43738.jpg
241,ai_movie496551588684427,act602231588684428,王传君 Chuanjun Wang,https://img1.doubanio.com/view/celebrity/s_ratio_celebrity/public/p1496577458.38.jpg
242,ai_movie496551588684427,act644661588684428,周一围 Yiwei Zhou,https://img3.doubanio.com/view/celebrity/s_ratio_celebrity/public/p1514533436.1.jpg
243,ai_movie496551588684427,act606151588684428,谭卓 Zhuo Tan,"https://img3.doubanio.com/f/movie/14960825e118267b5857fc0ae9f306ef8c74da8f/pics/movie/has_douban@2x.png), url(https://img3.doubanio.com/view/celebrity/s_ratio_celebrity/public/p1530515420.42.jpg"
244,ai_movie496551588684427,act508751588684428,章宇 Yu Zhang,https://img3.doubanio.com/view/celebrity/s_ratio_celebrity/public/p1529426479.83.jpg
245,ai_movie347741588684429,act883241588684430,罗宾·威廉姆斯 Robin Williams,https://img3.doubanio.com/view/celebrity/s_ratio_celebrity/public/p103.jpg
246,ai_movie347741588684429,act955731588684430,罗伯特·肖恩·莱纳德 Robert Sean Leonard,https://img9.doubanio.com/view/celebrity/s_ratio_celebrity/public/p25694.jpg
247,ai_movie347741588684429,act409851588684430,伊桑·霍克 Ethan Hawke,https://img3.doubanio.com/view/celebrity/s_ratio_celebrity/public/p25602.jpg
248,ai_movie347741588684429,act343721588684430,乔西·查尔斯 Josh Charles,https://img3.doubanio.com/view/celebrity/s_ratio_celebrity/public/p37571.jpg
249,ai_movie347741588684429,act113221588684430,盖尔·汉森 Gale Hansen,https://img3.doubanio.com/view/celebrity/s_ratio_celebrity/public/p57131.jpg
