,movie_id,text,cover_id,url
0,ai_movie289881588684332,肖申克的救赎,cov187221588684332,https://img3.doubanio.com/view/photo/l/public/p480747492.webp
1,ai_movie633931588684334,霸王别姬,cov602931588684334,https://img3.doubanio.com/view/photo/l/public/p2561716440.webp
2,ai_movie373921588684336,阿甘正传,cov271321588684336,https://img3.doubanio.com/view/photo/l/public/p2500944103.webp
3,ai_movie456771588684338,这个杀手不太冷,cov469961588684338,https://img3.doubanio.com/view/photo/l/public/p511118051.webp
4,ai_movie183331588684339,美丽人生,cov044871588684340,https://img3.doubanio.com/view/photo/l/public/p510861873.webp
5,ai_movie664741588684341,泰坦尼克号,cov644051588684341,https://img3.doubanio.com/view/photo/l/public/p457760035.webp
6,ai_movie644921588684343,千与千寻,cov916361588684343,https://img3.doubanio.com/view/photo/l/public/p2512331919.webp
7,ai_movie997861588684345,辛德勒的名单,cov328971588684345,https://img3.doubanio.com/view/photo/l/public/p492406163.webp
8,ai_movie754961588684347,盗梦空间,cov385811588684347,https://img3.doubanio.com/view/photo/l/public/p513344864.webp
9,ai_movie889741588684349,忠犬八公的故事,cov643281588684349,https://img3.doubanio.com/view/photo/l/public/p524964016.webp
10,ai_movie068111588684351,海上钢琴师,cov128181588684351,https://img3.doubanio.com/view/photo/l/public/p511146957.webp
11,ai_movie931761588684353,楚门的世界,cov265841588684353,https://img3.doubanio.com/view/photo/l/public/p479682972.webp
12,ai_movie127241588684354,三傻大闹宝莱坞,cov505881588684355,https://img3.doubanio.com/view/photo/l/public/p579729551.webp
13,ai_movie370651588684356,机器人总动员,cov999991588684357,https://img3.doubanio.com/view/photo/l/public/p1461851991.webp
14,ai_movie403471588684360,放牛班的春天,cov795551588684360,https://img3.doubanio.com/view/photo/l/public/p1910824951.webp
15,ai_movie735411588684362,星际穿越,cov101241588684362,https://img3.doubanio.com/view/photo/l/public/p2206088801.webp
16,ai_movie044671588684364,大话西游之大圣娶亲,cov872441588684364,https://img3.doubanio.com/view/photo/l/public/p2455050536.webp
17,ai_movie799081588684365,熔炉,cov882521588684365,https://img3.doubanio.com/view/photo/l/public/p1363250216.webp
18,ai_movie941721588684367,疯狂动物城,cov339921588684367,https://img3.doubanio.com/view/photo/l/public/p2315672647.webp
19,ai_movie948061588684369,无间道,cov670751588684369,https://img3.doubanio.com/view/photo/l/public/p2564556863.webp
20,ai_movie839491588684371,龙猫,cov649181588684371,https://img3.doubanio.com/view/photo/l/public/p2540924496.webp
21,ai_movie377231588684373,教父,cov657181588684373,https://img3.doubanio.com/view/photo/l/public/p1853232210.webp
22,ai_movie387861588684375,当幸福来敲门,cov801971588684375,https://img3.doubanio.com/view/photo/l/public/p1312700628.webp
23,ai_movie098381588684377,怦然心动,cov596191588684377,https://img3.doubanio.com/view/photo/l/public/p2220734673.webp
24,ai_movie955671588684379,触不可及,cov932711588684379,https://img3.doubanio.com/view/photo/l/public/p1454261925.webp
25,ai_movie984441588684382,蝙蝠侠：黑暗骑士,cov552581588684382,https://img3.doubanio.com/view/photo/l/public/p462657443.webp
26,ai_movie584021588684384,控方证人,cov709631588684384,https://img3.doubanio.com/view/photo/l/public/p1505392928.webp
27,ai_movie924741588684386,活着,cov041011588684386,https://img3.doubanio.com/view/photo/l/public/p2513253791.webp
28,ai_movie075681588684388,乱世佳人,cov261891588684388,https://img3.doubanio.com/view/photo/l/public/p1963126880.webp
29,ai_movie634711588684390,寻梦环游记,cov346471588684390,https://img3.doubanio.com/view/photo/l/public/p2503997609.webp
30,ai_movie937171588684392,末代皇帝,cov223041588684392,https://img3.doubanio.com/view/photo/l/public/p452088641.webp
31,ai_movie284031588684394,摔跤吧！爸爸,cov804851588684394,https://img3.doubanio.com/view/photo/l/public/p2457983084.webp
32,ai_movie186771588684398,指环王3：王者无敌,cov671451588684398,https://img3.doubanio.com/view/photo/l/public/p1910825503.webp
33,ai_movie323171588684400,何以为家,cov185531588684400,https://img3.doubanio.com/view/photo/l/public/p2555295759.webp
34,ai_movie058361588684401,少年派的奇幻漂流,cov581461588684401,https://img3.doubanio.com/view/photo/l/public/p1784592701.webp
35,ai_movie639771588684404,飞屋环游记,cov476531588684404,https://img3.doubanio.com/view/photo/l/public/p485887754.webp
36,ai_movie035841588684406,十二怒汉,cov828451588684406,https://img3.doubanio.com/view/photo/l/public/p2173577632.webp
37,ai_movie720531588684408,鬼子来了,cov552721588684408,https://img3.doubanio.com/view/photo/l/public/p2553104888.webp
38,ai_movie044421588684409,天空之城,cov386641588684409,https://img3.doubanio.com/view/photo/l/public/p1446261379.webp
39,ai_movie341761588684411,大话西游之月光宝盒,cov117051588684411,https://img3.doubanio.com/view/photo/l/public/p2561721372.webp
40,ai_movie813251588684413,哈尔的移动城堡,cov331061588684413,https://img3.doubanio.com/view/photo/l/public/p2174346180.webp
41,ai_movie260771588684415,素媛,cov598371588684415,https://img3.doubanio.com/view/photo/l/public/p2118532944.webp
42,ai_movie633631588684416,天堂电影院,cov713671588684416,https://img3.doubanio.com/view/photo/l/public/p2559577569.webp
43,ai_movie084811588684418,罗马假日,cov783731588684418,https://img3.doubanio.com/view/photo/l/public/p2189265085.webp
44,ai_movie438841588684420,闻香识女人,cov625391588684420,https://img3.doubanio.com/view/photo/l/public/p2550757929.webp
45,ai_movie486951588684422,辩护人,cov945181588684422,https://img3.doubanio.com/view/photo/l/public/p2158166535.webp
46,ai_movie007241588684423,哈利·波特与魔法石,cov141441588684423,https://img3.doubanio.com/view/photo/l/public/p804947166.webp
47,ai_movie647761588684425,搏击俱乐部,cov479951588684425,https://img3.doubanio.com/view/photo/l/public/p1910926158.webp
48,ai_movie496551588684427,我不是药神,cov681481588684427,https://img3.doubanio.com/view/photo/l/public/p2561305376.webp
49,ai_movie347741588684429,死亡诗社,cov848911588684429,https://img3.doubanio.com/view/photo/l/public/p1650499822.webp
