,movie_id,director_id,text,url
0,ai_movie289881588684332,dir378341588684333,弗兰克·德拉邦特 Frank Darabont,https://img3.doubanio.com/view/celebrity/s_ratio_celebrity/public/p230.jpg
1,ai_movie633931588684334,dir292921588684335,陈凯歌 Kaige Chen,https://img3.doubanio.com/view/celebrity/s_ratio_celebrity/public/p1451727734.81.jpg
2,ai_movie373921588684336,dir460781588684337,罗伯特·泽米吉斯 Robert Zemeckis,https://img9.doubanio.com/view/celebrity/s_ratio_celebrity/public/p505.jpg
3,ai_movie456771588684338,dir222041588684339,吕克·贝松 Luc Besson,https://img3.doubanio.com/view/celebrity/s_ratio_celebrity/public/p33301.jpg
4,ai_movie183331588684339,dir372271588684340,罗伯托·贝尼尼 Roberto Benigni,https://img9.doubanio.com/view/celebrity/s_ratio_celebrity/public/p26764.jpg
5,ai_movie664741588684341,dir199141588684342,詹姆斯·卡梅隆 James Cameron,https://img9.doubanio.com/view/celebrity/s_ratio_celebrity/public/p33715.jpg
6,ai_movie644921588684343,dir579911588684344,宫崎骏 Hayao Miyazaki,https://img9.doubanio.com/view/celebrity/s_ratio_celebrity/public/p616.jpg
7,ai_movie997861588684345,dir558181588684346,史蒂文·斯皮尔伯格 Steven Spielberg,https://img1.doubanio.com/view/celebrity/s_ratio_celebrity/public/p617.jpg
8,ai_movie754961588684347,dir858841588684348,克里斯托弗·诺兰 Christopher Nolan,https://img3.doubanio.com/view/celebrity/s_ratio_celebrity/public/p673.jpg
9,ai_movie889741588684349,dir951531588684350,拉斯·霍尔斯道姆 Lasse Hallström,https://img3.doubanio.com/view/celebrity/s_ratio_celebrity/public/p4333.jpg
10,ai_movie068111588684351,dir455621588684352,朱塞佩·托纳多雷 Giuseppe Tornatore,https://img9.doubanio.com/view/celebrity/s_ratio_celebrity/public/p195.jpg
11,ai_movie931761588684353,dir119461588684354,彼得·威尔 Peter Weir,https://img3.doubanio.com/view/celebrity/s_ratio_celebrity/public/p4360.jpg
12,ai_movie127241588684354,dir368311588684355,拉吉库马尔·希拉尼 Rajkumar Hirani,https://img1.doubanio.com/view/celebrity/s_ratio_celebrity/public/p16549.jpg
13,ai_movie370651588684356,dir537311588684357,安德鲁·斯坦顿 Andrew Stanton,https://img9.doubanio.com/view/celebrity/s_ratio_celebrity/public/p1467359656.96.jpg
14,ai_movie403471588684360,dir688381588684360,克里斯托夫·巴拉蒂 Christophe Barratier,https://img9.doubanio.com/view/celebrity/s_ratio_celebrity/public/p24744.jpg
15,ai_movie735411588684362,dir813451588684363,克里斯托弗·诺兰 Christopher Nolan,https://img3.doubanio.com/view/celebrity/s_ratio_celebrity/public/p673.jpg
16,ai_movie044671588684364,dir350531588684365,刘镇伟 Jeffrey Lau,https://img9.doubanio.com/view/celebrity/s_ratio_celebrity/public/p45374.jpg
17,ai_movie799081588684365,dir456041588684366,黄东赫 Dong-hyuk Hwang,https://img1.doubanio.com/view/celebrity/s_ratio_celebrity/public/p52558.jpg
18,ai_movie941721588684367,dir379351588684368,拜伦·霍华德 Byron Howard,https://img9.doubanio.com/view/celebrity/s_ratio_celebrity/public/p1457505519.94.jpg
19,ai_movie948061588684369,dir683591588684370,刘伟强 Andrew Lau,https://img1.doubanio.com/view/celebrity/s_ratio_celebrity/public/p1403267018.07.jpg
20,ai_movie839491588684371,dir684781588684372,宫崎骏 Hayao Miyazaki,https://img9.doubanio.com/view/celebrity/s_ratio_celebrity/public/p616.jpg
21,ai_movie377231588684373,dir509261588684374,弗朗西斯·福特·科波拉 Francis Ford Coppola,https://img3.doubanio.com/view/celebrity/s_ratio_celebrity/public/p592.jpg
22,ai_movie387861588684375,dir834631588684376,加布里埃莱·穆奇诺 Gabriele Muccino,https://img1.doubanio.com/view/celebrity/s_ratio_celebrity/public/p20409.jpg
23,ai_movie098381588684377,dir638851588684378,罗伯·莱纳 Rob Reiner,https://img3.doubanio.com/view/celebrity/s_ratio_celebrity/public/p1379484184.83.jpg
24,ai_movie955671588684379,dir331431588684380,奥利维埃·纳卡什 Olivier Nakache,https://img3.doubanio.com/view/celebrity/s_ratio_celebrity/public/p41640.jpg
25,ai_movie984441588684382,dir494631588684383,克里斯托弗·诺兰 Christopher Nolan,https://img3.doubanio.com/view/celebrity/s_ratio_celebrity/public/p673.jpg
26,ai_movie584021588684384,dir630321588684385,比利·怀德 Billy Wilder,https://img9.doubanio.com/view/celebrity/s_ratio_celebrity/public/p924.jpg
27,ai_movie924741588684386,dir515931588684387,张艺谋 Yimou Zhang,https://img1.doubanio.com/view/celebrity/s_ratio_celebrity/public/p568.jpg
28,ai_movie075681588684388,dir156431588684389,维克多·弗莱明 Victor Fleming,https://img3.doubanio.com/view/celebrity/s_ratio_celebrity/public/p11303.jpg
29,ai_movie634711588684390,dir704081588684391,李·昂克里奇 Lee Unkrich,https://img3.doubanio.com/view/celebrity/s_ratio_celebrity/public/p13830.jpg
30,ai_movie937171588684392,dir300951588684393,贝纳尔多·贝托鲁奇 Bernardo Bertolucci,https://img9.doubanio.com/view/celebrity/s_ratio_celebrity/public/p374.jpg
31,ai_movie284031588684394,dir543871588684395,涅提·蒂瓦里 Nitesh Tiwari,https://img9.doubanio.com/view/celebrity/s_ratio_celebrity/public/p1484120321.24.jpg
32,ai_movie186771588684398,dir794511588684399,彼得·杰克逊 Peter Jackson,https://img9.doubanio.com/view/celebrity/s_ratio_celebrity/public/p40835.jpg
33,ai_movie323171588684400,dir855281588684400,娜丁·拉巴基 Nadine Labaki,https://img3.doubanio.com/view/celebrity/s_ratio_celebrity/public/p1355827027.11.jpg
34,ai_movie058361588684401,dir914071588684402,李安 Ang Lee,https://img9.doubanio.com/view/celebrity/s_ratio_celebrity/public/p595.jpg
35,ai_movie639771588684404,dir107421588684404,彼特·道格特 Pete Docter,https://img1.doubanio.com/view/celebrity/s_ratio_celebrity/public/p1288.jpg
36,ai_movie035841588684406,dir914061588684407,西德尼·吕美特 Sidney Lumet,https://img1.doubanio.com/view/celebrity/s_ratio_celebrity/public/p1309.jpg
37,ai_movie720531588684408,dir264411588684408,姜文 Wen Jiang,https://img9.doubanio.com/view/celebrity/s_ratio_celebrity/public/p1517818343.94.jpg
38,ai_movie044421588684409,dir671661588684410,宫崎骏 Hayao Miyazaki,https://img9.doubanio.com/view/celebrity/s_ratio_celebrity/public/p616.jpg
39,ai_movie341761588684411,dir059951588684412,刘镇伟 Jeffrey Lau,https://img9.doubanio.com/view/celebrity/s_ratio_celebrity/public/p45374.jpg
40,ai_movie813251588684413,dir630961588684414,宫崎骏 Hayao Miyazaki,https://img9.doubanio.com/view/celebrity/s_ratio_celebrity/public/p616.jpg
41,ai_movie260771588684415,dir853141588684415,李濬益 Jun-ik Lee,https://img1.doubanio.com/view/celebrity/s_ratio_celebrity/public/p1451911358.49.jpg
42,ai_movie633631588684416,dir506321588684417,朱塞佩·托纳多雷 Giuseppe Tornatore,https://img9.doubanio.com/view/celebrity/s_ratio_celebrity/public/p195.jpg
43,ai_movie084811588684418,dir129851588684419,威廉·惠勒 William Wyler,https://img9.doubanio.com/view/celebrity/s_ratio_celebrity/public/p1485245573.54.jpg
44,ai_movie438841588684420,dir614811588684421,马丁·布莱斯特 Martin Brest,https://img9.doubanio.com/view/celebrity/s_ratio_celebrity/public/p1419820827.16.jpg
45,ai_movie486951588684422,dir162241588684422,杨宇硕 Woo-seok Yang,https://img3.doubanio.com/view/celebrity/s_ratio_celebrity/public/p1394517493.21.jpg
46,ai_movie007241588684423,dir880171588684424,克里斯·哥伦布 Chris Columbus,https://img3.doubanio.com/view/celebrity/s_ratio_celebrity/public/p10680.jpg
47,ai_movie647761588684425,dir903941588684426,大卫·芬奇 David Fincher,https://img1.doubanio.com/view/celebrity/s_ratio_celebrity/public/p22137.jpg
48,ai_movie496551588684427,dir132641588684428,文牧野 Muye Wen,https://img3.doubanio.com/view/celebrity/s_ratio_celebrity/public/p1563174692.41.jpg
49,ai_movie347741588684429,dir384361588684430,彼得·威尔 Peter Weir,https://img3.doubanio.com/view/celebrity/s_ratio_celebrity/public/p4360.jpg
